Bussiness__City,Bussiness__Country,Bussiness__Description,Bussiness__Name,Bussiness__StreetAddress,Bussiness__Zipcode,Customer__Address__line1,Customer__Address__line2,Customer__Email,Customer__Name,Customer__PhoneNumber,Invoice__BillDetails__Name,Invoice__BillDetails__Quantity,Invoice__BillDetails__Rate,Invoice__Description,Invoice__DueDate,Invoice__IssueDate,Invoice__Number,Invoice__Tax
Jamestown,"Tennessee, USA",We are here to serve you better. Reach out to us in case of any concern or feedbacks.,NearBy Electronics,3741 Glory Road,38556,121 Jacobs River,Port-Vila,Don_Zulauf40@hotmail.com,Don Zulauf,110-825-4839,Generic Concrete Soap,43,79,eiusmod est excepteur voluptate exercitation sit irure ea pariatur amet esse laborum sit occaecat,27-06-2023,12-05-2023,HU74909696370147167357339840,10
Jamestown,"Tennessee, USA",We are here to serve you better. Reach out to us in case of any concern or feedbacks.,NearBy Electronics,3741 Glory Road,38556,121 Jacobs River,Port-Vila,Don_Zulauf40@hotmail.com,Don Zulauf,110-825-4839,Unbranded Metal Mouse,114,29,eiusmod est excepteur voluptate exercitation sit irure ea pariatur amet esse laborum sit occaecat,27-06-2023,12-05-2023,HU74909696370147167357339840,10
Jamestown,"Tennessee, USA",We are here to serve you better. Reach out to us in case of any concern or feedbacks.,NearBy Electronics,3741 Glory Road,38556,121 Jacobs River,Port-Vila,Don_Zulauf40@hotmail.com,Don Zulauf,110-825-4839,Rustic Concrete Bacon,81,16,eiusmod est excepteur voluptate exercitation sit irure ea pariatur amet esse laborum sit occaecat,27-06-2023,12-05-2023,HU74909696370147167357339840,10
Jamestown,"Tennessee, USA",We are here to serve you better. Reach out to us in case of any concern or feedbacks.,NearBy Electronics,3741 Glory Road,38556,121 Jacobs River,Port-Vila,Don_Zulauf40@hotmail.com,Don Zulauf,110-825-4839,Practical Plastic Mouse,99,81,eiusmod est excepteur voluptate exercitation sit irure ea pariatur amet esse laborum sit occaecat,27-06-2023,12-05-2023,HU74909696370147167357339840,10
Jamestown,"Tennessee, USA",We are here to serve you better. Reach out to us in case of any concern or feedbacks.,NearBy Electronics,3741 Glory Road,38556,121 Jacobs River,Port-Vila,Don_Zulauf40@hotmail.com,Don Zulauf,110-825-4839,Handmade Steel Salad,94,61,eiusmod est excepteur voluptate exercitation sit irure ea pariatur amet esse laborum sit occaecat,27-06-2023,12-05-2023,HU74909696370147167357339840,10
Jamestown,"Tennessee, USA",We are here to serve you better. Reach out to us in case of any concern or feedbacks.,NearBy Electronics,3741 Glory Road,38556,121 Jacobs River,Port-Vila,Don_Zulauf40@hotmail.com,Don Zulauf,110-825-4839,Small Wooden Soap,65,27,eiusmod est excepteur voluptate exercitation sit irure ea pariatur amet esse laborum sit occaecat,27-06-2023,12-05-2023,HU74909696370147167357339840,10
Jamestown,"Tennessee, USA",We are here to serve you better. Reach out to us in case of any concern or feedbacks.,NearBy Electronics,3741 Glory Road,38556,231 Jayne Fields,Mwanza,Terri.Ernser@yahoo.com,Terri Ernser,415-897-1517,Sleek Metal Shirt,13,61,anim et ullamco eiusmod est officia sunt pariatur do,27-06-2023,12-05-2023,MT10JMMO190261WIWDX4LF7SDF2KQYO,10
Jamestown,"Tennessee, USA",We are here to serve you better. Reach out to us in case of any concern or feedbacks.,NearBy Electronics,3741 Glory Road,38556,231 Jayne Fields,Mwanza,Terri.Ernser@yahoo.com,Terri Ernser,415-897-1517,Incredible Concrete Hat,14,76,anim et ullamco eiusmod est officia sunt pariatur do,27-06-2023,12-05-2023,MT10JMMO190261WIWDX4LF7SDF2KQYO,10
Jamestown,"Tennessee, USA",We are here to serve you better. Reach out to us in case of any concern or feedbacks.,NearBy Electronics,3741 Glory Road,38556,231 Jayne Fields,Mwanza,Terri.Ernser@yahoo.com,Terri Ernser,415-897-1517,Gorgeous Fresh Computer,31,47,anim et ullamco eiusmod est officia sunt pariatur do,27-06-2023,12-05-2023,MT10JMMO190261WIWDX4LF7SDF2KQYO,10
Jamestown,"Tennessee, USA",We are here to serve you better. Reach out to us in case of any concern or feedbacks.,NearBy Electronics,3741 Glory Road,38556,231 Jayne Fields,Mwanza,Terri.Ernser@yahoo.com,Terri Ernser,415-897-1517,Handcrafted Granite Keyboard,68,13,anim et ullamco eiusmod est officia sunt pariatur do,27-06-2023,12-05-2023,MT10JMMO190261WIWDX4LF7SDF2KQYO,10